Cijena;Cijena (€);Cijena (€) na dan 10.09.2026.
Izrada spuštenog ravnog stropa do 10 cm bez vune 1 m²;18;18
Izrada spuštenog ravnog stropa do 10 cm sa vunom debljine 5 cm 1 m²;20;20
Izrada spuštenog ravnog stropa do 25 cm bez vune 1 m²;20;20
Izrada spuštenog ravnog stropa do 25 cm sa vunom debljine 10 cm 1 m²;22;22
Izrada kosog stropa do 5 cm sa vunom i paropropusnom folijom (staklena vuna 10 cm) 1 m²;25;25
Izrada kosog stropa do 10 cm sa vunom i paropropusnom folijom (staklena vuna 15 cm) 1 m²;27;27
Oblaganje zida s lijepljenjem gips-kartonskim pločama 1 m²;10;10
Oblaganje zida s podkonstrukcijom bez vune 1 m²;14;14
Oblaganje zida s podkonstrukcijom s vunom 5 cm 1 m²;17;17
Izrada pregradnog zida debljine 10 cm 1 m²;23;23
Izrada pregradnog zida debljine 12,5 cm 1 m²;25;25
Izrada pregradnog zida debljine 15 cm 1 m²;27;27
Izrada L kutije do 20 cm 1 m²;20;20
Izrada L kutije do 50 cm 1 m²;22;22
Izrada U kutije do 20 cm 1 m²;23;23
Izrada U kutije do 50 cm 1 m²;25;25
